ID,タイトル,内容,閲覧数,カテゴリID,公開状態,作成者,作成日,最終更新日,最初の公開日,最終公開日
06871615-5c15-406b-ba34-bd613ce7467c,"Anker PowerCore Essential 20000の対応機種は？","<div data-component-type=""heading""><h2 id="""" level=""3"">以下の機種に対応しています。</h2></div><div data-component-type=""text""><div><strong>スマートフォン</strong><br />
- iPhone 11 / 11 Pro / 11 Pro Max / XS / XS Max / XR / X / 8 / 8 Plus<br />
- Galaxy S10 / S10+ / S9 / S9+<br />
- Google Pixel 3 / 3 XL<br />
- Nexus 6P / 7 他<br />
<br />
<strong>タブレット端末</strong><br />
- iPad Pro (2018, 11インチ) / iPad mini 5 他</div></div><div data-component-type=""text""><div><strong>製品型番</strong></div><ul>
  <li>A1268011 (ブラック)</li>  <li>A1268021 (ホワイト)</li></ul></div>",,72fb9dee-8476-4e66-a17b-f1bed73a3db7,公開済み,70b48832-e802-4fdc-a006-6aafb8bb9337,"2021-05-22 16:01:27","2021-05-22 16:08:16","2021-05-22 16:02:23","2021-05-22 16:08:16"
0d48a670-2d29-4d3e-be92-90e0528d3d3a,"Anker PowerCore 13000は何色カラーバリエーションがありますか？","<div data-component-type=""heading""><h2 id="""" level=""2"">ブラック、ホワイト、レッド、ブルーの4色です</h2></div><div data-component-type=""text""><div><br />
</div><div>ブラック</div><div><img data-composite=""true"" src=""https://dbcn1bdvswqbx.cloudfront.net/client_info/ANKERJAPAN/itemimage/A1215/A1215-BLACK-001.jpg"" /></div><div>ホワイト</div><div><img data-composite=""true"" src=""https://dbcn1bdvswqbx.cloudfront.net/client_info/ANKERJAPAN/itemimage/A1215/A1215-WHITE-008.jpg"" /></div><div>ブルー</div><div><img data-composite=""true"" src=""https://dbcn1bdvswqbx.cloudfront.net/client_info/ANKERJAPAN/itemimage/A1215/A1215-BLUE-008.jpg"" /></div><div>レッド</div><div><img data-composite=""true"" src=""https://dbcn1bdvswqbx.cloudfront.net/client_info/ANKERJAPAN/itemimage/A1215/A1215-RED-009.jpg"" /></div></div><div data-component-type=""text""><div><br /></div></div><div data-component-type=""text""><div><strong>製品型番</strong></div><ul>
  <li>A1215011 (ブラック)</li>  <li>A1215021 (ホワイト)</li>  <li>A1215091 (レッド)</li>  <li>A1215031 (ブルー)</li></ul></div>",,72fb9dee-8476-4e66-a17b-f1bed73a3db7,公開済み,70b48832-e802-4fdc-a006-6aafb8bb9337,"2021-05-22 15:13:28","2021-05-22 15:15:24","2021-05-22 15:15:24","2021-05-22 15:15:24"
28ee1282-49a9-4144-8f1d-719eb6d28463,"Anker PowerCore Essential 20000はフルスピード充電に対応していますか？","<div data-component-type=""heading""><h2 id="""" level=""3"">フルスピード充電に対応しています。</h2></div><div data-component-type=""text""><div>Anker独自技術PowerIQとVoltageBoostによりフルスピード充電が可能です (最大2A)</div></div><div data-component-type=""text""><div><strong>製品型番</strong></div><ul>
  <li>A1268011 (ブラック)</li>  <li>A1268021 (ホワイト)</li></ul></div>",,72fb9dee-8476-4e66-a17b-f1bed73a3db7,公開済み,70b48832-e802-4fdc-a006-6aafb8bb9337,"2021-05-22 16:07:39","2021-05-22 16:08:26","2021-05-22 16:08:26","2021-05-22 16:08:26"
3252b739-a92f-48cd-9798-a708cbaf6cf5,商工中金から融資を受けることができるのはどのような方ですか？,"<div data-component-type=""heading""><h2 id="""" level=""2"">商工中金の株主となって頂いている中小企業団体（商工中金株主団体）とその構成員の皆さまを主なご融資先としています。

※ご不明な点がございましたら、最寄りの商工中金の本・支店までお問い合わせください</h2></div><div data-component-type=""text""><div><img src=""https://d2x3xhvgiqkx42.cloudfront.net/8b4de52f-f9b8-46bd-8e5b-5f1b35623ce7/70b48832-e802-4fdc-a006-6aafb8bb9337/2021/09/15/41d2bff5-1f3c-49d7-b78e-82429ca2f192/ebace043-dc65-4066-b992-059e197f5fa2.png"" /></div></div>",,72fb9dee-8476-4e66-a17b-f1bed73a3db7,公開済み,70b48832-e802-4fdc-a006-6aafb8bb9337,"2021-09-15 13:39:37","2021-09-15 13:40:20","2021-09-15 13:40:20","2021-09-15 13:40:20"
3497f425-c48b-4f37-9c4c-26d058c69d81,フルスピード充電とは？,"<div data-component-type=""text""><div>Anker独自技術PowerIQ (接続機器を検知し電流を最適化) とVoltageBoost (ケーブル抵抗を検知し出力電圧を自動調整) により、超高速充電を実現。最大3Aのフルスピード充電を可能にします (各ポート毎に最大2.4A) 。 2つのUSBポートを備え、2台同時充電も可能です。</div></div><div data-component-type=""table""><div class=""table-wrapper""><table><thead><tr><th><div>対象製品</div></th></tr></thead><tbody><tr><td><div>Anker PowerCore Essential 20000</div></td></tr><tr><td><div>Anker PowerCore 5000</div></td></tr><tr><td><div>Anker PowerCore 13000</div></td></tr></tbody></table></div></div>",,72fb9dee-8476-4e66-a17b-f1bed73a3db7,公開済み,70b48832-e802-4fdc-a006-6aafb8bb9337,"2021-05-22 15:12:08","2021-05-22 15:12:49","2021-05-22 15:12:49","2021-05-22 15:12:49"
37a75575-6480-4ba8-8fa1-d3b4ea529356,"Anker PowerCore 5000は何色カラーバリエーションがありますか？","<div data-component-type=""heading""><h2 id="""" level=""2"">ブラック、ホワイト、レッド、ブルーの4色です</h2></div><div data-component-type=""text""><div>ブラック</div><div><img data-composite=""true"" src=""https://dbcn1bdvswqbx.cloudfront.net/client_info/ANKERJAPAN/itemimage/A1109/A1109-BLACK--001jpg.jpg"" /></div><div>ホワイト</div><div><img data-composite=""true"" src=""https://dbcn1bdvswqbx.cloudfront.net/client_info/ANKERJAPAN/itemimage/A1109/A1109-WHITE-021%202.jpg"" /></div><div>ブルー</div><div><img data-composite=""true"" src=""https://dbcn1bdvswqbx.cloudfront.net/client_info/ANKERJAPAN/itemimage/A1109/A1109-BLUE-008.jpg"" /></div><div>レッド</div><div><img data-composite=""true"" src=""https://dbcn1bdvswqbx.cloudfront.net/client_info/ANKERJAPAN/itemimage/A1109/A1109-RED-009.jpg"" /></div></div><div data-component-type=""text""><div><br /></div></div><div data-component-type=""text""><div><strong>製品型番</strong></div><ul>
  <li>A1109011 (ブラック)</li>  <li>A1109021 (ホワイト)</li>  <li>A1109031 (ブルー)</li>  <li>A1109091 (レッド)<br />
</li></ul></div>",,72fb9dee-8476-4e66-a17b-f1bed73a3db7,公開済み,70b48832-e802-4fdc-a006-6aafb8bb9337,"2021-05-22 15:27:38","2021-05-22 15:29:16","2021-05-22 15:29:16","2021-05-22 15:29:16"
467dc280-3de8-435a-ac10-a0fbb16baa9c,WEB会員とすでに持っている現金ポイントカード・サンドラッグクレジットポイントカードを一緒にする場合について,"<div data-component-type=""text""><div>共通化することで可能でございます。<br />
＜共通化の設定方法＞<br />
サンドラッグアプリにて『会員証』をタッチしていただきますと、バーコードが表示されます。<br />
下部の『登録情報変更』選んでいただき、現金ポイントカード番号と、電話番号または生年月日を入力し最下段の「共通化する」をタッチしていただくとカードの共通化が行えます。<br />
※画像が見づらい場合は<a data-composite=""true"" href=""https://supportbot-admin.userlocal.jp/uploads/image_file/file_name/2896/d40cc23b-219a-4834-a961-4ebdf8fdcbf5.png"" target=""_blank"">こちら</a>をご参照ください</div></div><div data-component-type=""text""><div><img data-composite=""true"" src=""https://d2x3xhvgiqkx42.cloudfront.net/8b4de52f-f9b8-46bd-8e5b-5f1b35623ce7/70b48832-e802-4fdc-a006-6aafb8bb9337/2021/10/20/c991a782-f62c-4c09-80fd-a0a73d828eef/81ace587-c6c5-45b8-b764-7f98f12b2cb2.png"" /></div></div>",,72fb9dee-8476-4e66-a17b-f1bed73a3db7,公開済み,70b48832-e802-4fdc-a006-6aafb8bb9337,"2021-10-20 15:30:48","2021-10-20 15:31:46","2021-10-20 15:31:46","2021-10-20 15:31:46"
4769a0d4-939c-4661-8e71-da401d9bbafe,"Anker PowerCore Essential 20000は何台同時に充電できますか？","<div data-component-type=""heading""><h2 id="""" level=""3"">2つのUSB出力ポート搭載で、2台同時に充電できます。（合計最大出力15W）</h2></div><div data-component-type=""text""><div>製品型番</div><ul>
  <li>A1268011 (ブラック)</li>  <li>A1268021 (ホワイト)</li></ul></div>",,72fb9dee-8476-4e66-a17b-f1bed73a3db7,公開済み,70b48832-e802-4fdc-a006-6aafb8bb9337,"2021-05-22 16:02:42","2021-05-22 16:04:17","2021-05-22 16:04:17","2021-05-22 16:04:17"
574f0ac4-4bd1-4a08-b029-2d43b30000d3,スマートフォンとの接続（ペアリング）ができない,"<div data-component-type=""text""><div>ブルートゥース端末とイヤホン（本製品）とのペアリングについては、付属の説明書「③ペアリング」をご確認いただくか、下記の動画をご覧の上お試しください。</div><div><br />
※各製品の取扱説明書をご覧になりたい場合はこちらから (<a href=""https://aviot.jp/manual#TE-D01q"" target=""_blank"">https://aviot.jp/manual</a>）</div></div><div data-component-type=""heading""><h2 id="""" level=""3"">初回・リセット後のペアリング方法</h2></div><div data-component-type=""video""><div style=""text-align:center""><span class=""video-overlay"" style=""width:650px; height:375px"">
  </span><iframe src=""https://youtu.be/Umv56Xk6cow"" style=""width:650px;height:375px;""></iframe></div></div><div data-component-type=""heading""><h2 id="""" level=""3"">別の端末へのペアリング方法</h2></div><div data-component-type=""video""><div style=""text-align:center""><span class=""video-overlay"" style=""width:650px; height:375px"">
  </span><iframe src=""https://youtu.be/eO5QSHn3I98"" style=""width:650px;height:375px;""></iframe></div></div>",,72fb9dee-8476-4e66-a17b-f1bed73a3db7,公開済み,70b48832-e802-4fdc-a006-6aafb8bb9337,"2021-09-08 13:24:57","2021-09-08 13:26:26","2021-09-08 13:26:26","2021-09-08 13:26:26"
59e57c40-3dcf-46df-8dac-a00a1370357d,"Anker PowerCore 5000はフルスピード充電に対応していますか？","<div data-component-type=""heading""><h2 id="""" level=""3"">フルスピード充電に対応しています。</h2></div><div data-component-type=""text""><div>Anker独自技術PowerIQとVoltageBoostによりフルスピード充電が可能です (最大2A)</div></div><div data-component-type=""text""><div><strong>製品型番</strong></div><ul>
  <li>A1109011 (ブラック)</li>  <li>A1109021 (ホワイト)</li>  <li>A1109031 (ブルー)</li>  <li>A1109091 (レッド)</li></ul></div>",,72fb9dee-8476-4e66-a17b-f1bed73a3db7,公開済み,70b48832-e802-4fdc-a006-6aafb8bb9337,"2021-05-22 15:37:03","2021-05-23 11:20:44","2021-05-22 15:38:01","2021-05-23 11:20:44"
7028dd0d-769d-4809-bfb2-84bb512cad66,"Anker PowerCore Essential 20000の仕様について","<div data-component-type=""heading""><h2 id="""" level=""3"">Anker PowerCore Essential 20000のサイズ、重さ、出力などについては以下を参照ください</h2></div><div data-component-type=""text""><div><strong>製品サイズ</strong></div><div>約158 x 74 x 19 mm</div><div><br /></div><div><strong>製品重量</strong></div><div>約343g</div><div><br /></div><div><strong>バッテリー容量</strong></div><div>20,000ｍAh</div><div><br /></div><div><strong>入力</strong></div><div>5V = 2A</div><div><br /></div><div><strong>出力</strong></div><div>5V = 3A (各ポート最大2.4A)</div></div><div data-component-type=""informative""><div class=""info-container"" info-color=""green""><div class=""info-title"">パッケージ内容</div><div class=""info-content""><ul>
  <li>Anker PowerCore Essential 20000</li>  <li>Micro USB ケーブル (※USB-CとライトニングUSBケーブルは別売り)</li>  <li>トラベルポーチ</li>  <li>取扱説明書</li>  <li>18ヶ月保証 + 6ヶ月 (Anker会員登録後)</li>  <li>カスタマーサポート</li></ul></div></div></div><div data-component-type=""text""><div><strong>製品型番</strong></div><ul>
  <li>A1268011 (ブラック)</li>  <li>A1268021 (ホワイト)</li></ul></div><div data-component-type=""",,72fb9dee-8476-4e66-a17b-f1bed73a3db7,公開済み,70b48832-e802-4fdc-a006-6aafb8bb9337,"2021-05-22 15:56:46","2021-05-22 16:00:11","2021-05-22 16:00:11","2021-05-22 16:00:11"
8582dcd1-3fae-4e68-871d-ca396f3e9df0,"Anker PowerCore Essential 20000は何回充電が可能ですか？","<div data-component-type=""heading""><h2 id="""" level=""3"">20000mAhの超大容量で、iPhone11 / 11 Proを4回以上、Galaxy S10を約4回、iPad mini 5を2回以上満充電することができます。緊急災害対策用としても最適です。</h2></div><div data-component-type=""text""><div><strong>製品型番</strong></div><ul>
  <li>A1268011 (ブラック)</li>  <li>A1268021 (ホワイト)</li></ul></div>",,72fb9dee-8476-4e66-a17b-f1bed73a3db7,公開済み,70b48832-e802-4fdc-a006-6aafb8bb9337,"2021-05-22 16:00:24","2021-05-22 16:01:23","2021-05-22 16:01:23","2021-05-22 16:01:23"
926e6c07-708b-402b-8576-507d08785021,"Anker PowerCore 13000の仕様について","<div data-component-type=""heading""><h2 id="""" level=""3"">Anker PowerCore 13000のサイズ、重さ、出力などについては以下を参照ください</h2></div><div data-component-type=""text""><div><strong>製品サイズ</strong></div><div>約97.5x 80 x 22mm</div><div><br /></div><div><strong>製品重量</strong></div><div>約255g</div><div><br /></div><div><strong>入力</strong></div><div>5V/2A</div><div><br /></div><div><strong>出力</strong></div><div>5V/3A</div></div><div data-component-type=""informative""><div class=""info-container"" info-color=""green""><div class=""info-title"">パッケージ内容</div><div class=""info-content""><ul>
  <li>Anker PowerCore 13000</li>  <li>Micro USBケーブル</li>  <li>トラベルポーチ</li>  <li>18ヶ月保証 + 6ヶ月 (Anker会員登録後)</li></ul></div></div></div><div data-component-type=""text""><div><strong>製品型番</strong></div><ul>
  <li>A1215011 (ブラック)</li>  <li>A1215021 (ホワイト)</li>  <li>A1215091 (レッド)</li>  <li>A1215031 (ブルー)</li></ul></div><div data-component-type=""informative""><div class=""info-container"" info-color=""red""><div class=""info-title"">ご注意</div><div class=""info-content""><ul>
 ",,72fb9dee-8476-4e66-a17b-f1bed73a3db7,公開済み,70b48832-e802-4fdc-a006-6aafb8bb9337,"2021-05-22 15:01:09","2021-05-22 15:09:54","2021-05-22 15:03:32","2021-05-22 15:08:45"
92cbdde5-8107-471c-b5b7-110b35745fb1,移転(電話のお引越し)をする場合、どのような手続きが必要ですか？,"<div data-component-type=""heading""><h2 id="""" level=""3"">Web116.jp（本ホームページ）から、お手続きいただけます。お手続きの際には、以下の情報をWeb画面上からご入力いただくことが必要となります。</h2></div><div data-component-type=""text""></div><div data-component-type=""text""><ul>
  <li>　現在お使いのお電話番号</li>  <li>　電話のご契約者名義</li>  <li>　ああああ</li>  <li>　いいいい</li></ul></div><div data-component-type=""informative""><div class=""info-container"" info-color=""orange""><div class=""info-title"">連絡先</div><div class=""info-content""><div>００００００００００００</div></div></div></div><div data-component-type=""text""><div>なお、「引越し先では○月○日から電話を使いたい」というお客さまのご要望にお応えするため、電話工事は「予約制」とさせていただいております。<br />
お引越しのシーズンには電話の移転のお申し込みが集中し大変な混雑が予想されますので、お早めにお申し込みください。</div></div><div data-component-type=""text""><div><img data-composite=""true"" src=""https://d2x3xhvgiqkx42.cloudfront.net/8b4de52f-f9b8-46bd-8e5b-5f1b35623ce7/70b48832-e802-4fdc-a006-6aafb8bb9337/2021/10/22/13bf53e5-1f38-4b3e-b8e7-05a68cf450ac/1325954e-131c-478e-99e3-e81e560781a0.png"" /></div></div><div data-component-type=""informative""><div class=""info-container"" info-",,72fb9dee-8476-4e66-a17b-f1bed73a3db7,公開済み,70b48832-e802-4fdc-a006-6aafb8bb9337,"2021-10-22 17:14:25","2021-10-22 17:20:26","2021-10-22 17:16:21","2021-10-22 17:20:26"
aceea382-393a-45a2-8eaf-44c6dc86a595,ガス臭い、ガス漏れ等の緊急時対応はどうなりますか？,"<div data-component-type=""heading""><h2 id="""" level=""2"">ガス臭い、ガス漏れ等の緊急時対応は、ガス事業法に基づき、現在ご使用のガス会社（導管事業者）が従来通り対応を行います。</h2></div><div data-component-type=""text""><div>ニチガス（小売事業者）も導管事業者と連携、協力して対応を行ないます。 緊急時のご連先は、ガスを安全にご使用いただくためのパンフレット、ニチガスホームページ等でお知らせ致します。</div></div><div data-component-type=""text""><div><img data-composite=""true"" src=""https://d2x3xhvgiqkx42.cloudfront.net/8b4de52f-f9b8-46bd-8e5b-5f1b35623ce7/70b48832-e802-4fdc-a006-6aafb8bb9337/2021/10/07/c341ce47-fcd1-4306-bfe3-4eefff569c8e/dc33b634-6bab-45e5-b2c1-48fb79fe6dc3.png"" /></div></div>",,72fb9dee-8476-4e66-a17b-f1bed73a3db7,公開済み,70b48832-e802-4fdc-a006-6aafb8bb9337,"2021-10-07 16:55:21","2021-10-22 17:13:25","2021-10-07 16:56:09","2021-10-07 16:56:09"
bd0e913f-7f86-4814-91c9-2d23d417bbdc,"Anker PowerCore 5000
は何回充電が可能ですか？","<div data-component-type=""text""><div>ほとんどのスマートフォンに約1回の充電が可能です。職場、旅行、家で少し使いたいときであっても非常に便利です</div></div><div data-component-type=""text""><div><strong>製品型番</strong></div><ul>
  <li>A1109011 (ブラック)</li>  <li>A1109021 (ホワイト)</li>  <li>A1109031 (ブルー)</li>  <li>A1109091 (レッド)</li></ul></div>",,72fb9dee-8476-4e66-a17b-f1bed73a3db7,公開済み,70b48832-e802-4fdc-a006-6aafb8bb9337,"2021-05-22 15:34:03","2021-05-22 15:35:06","2021-05-22 15:35:06","2021-05-22 15:35:06"
c35b523c-0fca-4dfb-8683-a9e027f42e5c,エディオンカード、あんしんの長期修理保証特典について,"<div data-component-type=""heading""><h2 id="""" level=""3"">エディオンカード会員様・100満ボルトカード会員様なら、エディオンネットショップでご購入いただいた商品もポイント特典・長期修理保証特典の対象となります。</h2></div><div data-component-type=""text""><div>あああああああああああ</div></div><div data-component-type=""text""><ul>
  <li>あああああああああああああ</li></ul></div><div data-component-type=""text""><div>※ご購入いただいた商品をポイント特典・長期修理保証特典の対象にするには、ご利用登録時または、マイページより会員カード情報を商品ご購入前にご登録いただく必要がございます。<br />
エディオンカードをお持ちでない方は、お近くのエディオン各店舗または、エディオンネットショップのご利用登録後、マイページからエディオンカードのお申込みをすることもできます。</div></div><div data-component-type=""text""><ol>
  <li>ああああ</li>  <li>ああああ</li>  <li>あああああ</li>  <li><br /></li></ol></div><div data-component-type=""heading""><h2 id="""" level=""4"">＜カードについて＞</h2></div><div data-component-type=""text""><div>期修理保証やおトクなポイントなど、色々なサービス満載のエディオンカードの魅力をご紹介します。</div></div><div data-component-type=""text""><div><img data-composite=""true"" src=""https://d2x3xhvgiqkx42.cloudfront.net/8b4de52f-f9b8-46bd-8e5b-5f1b35623ce7/70b48832-e802-4fdc-a006-6aafb8bb9337/2021/10/28/4d5d0541-086a-478a-8306-a0fdde6bf205/3973b994-96dc-4",,72fb9dee-8476-4e66-a17b-f1bed73a3db7,公開済み,70b48832-e802-4fdc-a006-6aafb8bb9337,"2021-10-28 11:40:31","2021-10-28 11:45:44","2021-10-28 11:45:44","2021-10-28 11:45:44"
d4ac65f3-97a9-4240-8f42-a1796df48443,"Anker PowerCore 5000の仕様について","<div data-component-type=""heading""><h2 id="""" level=""3"">Anker PowerCore 5000のサイズ、重さ、出力などについては以下を参照ください</h2></div><div data-component-type=""text""><div><strong>製品サイズ</strong></div><div>約108 x 33 x 33mm</div><div><br /></div><div><strong>製品重量</strong></div><div>約134g</div><div><br /></div><div><strong>入力</strong></div><div>5V/2A</div><div><br /></div><div><strong>出力</strong></div><div>5V/2A</div></div><div data-component-type=""informative""><div class=""info-container"" info-color=""green""><div class=""info-title"">パッケージ内容</div><div class=""info-content""><ul>
  <li>Anker PowerCore 5000 モバイルバッテリー</li>  <li>Micro USBケーブル</li>  <li>トラベルポーチ</li>  <li>取扱説明書</li>  <li>18ヶ月保証 + 6ヶ月 (Anker会員登録後)</li>  <li>カスタマーサポート</li></ul></div></div></div><div data-component-type=""text""><div><strong>製品型番</strong></div><ul>
  <li>A1109011 (ブラック)</li>  <li>A1109021 (ホワイト)</li>  <li>A1109031 (ブルー)</li>  <li>A1109091 (レッド)</li></ul></div><div data-component-type=""informative""><div class=""info-container"" info-color=""red""><div class=""info-titl",,72fb9dee-8476-4e66-a17b-f1bed73a3db7,公開済み,70b48832-e802-4fdc-a006-6aafb8bb9337,"2021-05-22 15:30:28","2021-05-23 11:21:15","2021-05-22 15:32:50","2021-05-23 11:21:15"
df67edfc-7ad7-413b-aa07-6f5fbdc5840c,"Anker PowerCore Essential 20000は何色カラーバリエーションがありますか？","<div data-component-type=""heading""><h2 id="""" level=""2"">ブラック、ホワイトの2色です</h2></div><div data-component-type=""text""><div>ブラック</div><div><img data-composite=""true"" src=""https://dbcn1bdvswqbx.cloudfront.net/client_info/ANKERJAPAN/itemimage/A1268/A1268-BLACK-001.jpg"" /></div><div>ホワイト</div><div><img data-composite=""true"" src=""https://dbcn1bdvswqbx.cloudfront.net/client_info/ANKERJAPAN/itemimage/A1268/A1268-WHITE-001-WHITE.jpg"" /></div></div><div data-component-type=""text""><div><br /></div></div><div data-component-type=""text""><div><br /></div></div><div data-component-type=""text""><div><strong>製品型番</strong></div><ul>
  <li>A1268011 (ブラック)</li>  <li>A1268021 (ホワイト)<br />
</li></ul></div>",,72fb9dee-8476-4e66-a17b-f1bed73a3db7,公開済み,70b48832-e802-4fdc-a006-6aafb8bb9337,"2021-05-22 16:05:12","2021-05-22 16:06:41","2021-05-22 16:06:41","2021-05-22 16:06:41"
e10baf4c-2a52-4a65-8ea6-82cc64562a1b,"Anker PowerCore 13000は何回充電が可能ですか？","<div data-component-type=""text""><div>数日のご使用にも十分な容量で、iPhone 11 Proに約3回以上、Galaxy S9に約3回、iPad Pro (2018, 11インチ) に約1回以上の充電が可能。Apple MacBook (12インチ, 2015)も約4~5時間で満充電可能です (PowerIQ非対応) 。</div></div><div data-component-type=""text""><div><strong>製品型番</strong></div><ul>
  <li>A1215011 (ブラック)</li>  <li>A1215021 (ホワイト)</li>  <li>A1215091 (レッド)</li>  <li>A1215031 (ブルー)</li></ul></div>",,72fb9dee-8476-4e66-a17b-f1bed73a3db7,公開済み,70b48832-e802-4fdc-a006-6aafb8bb9337,"2021-05-22 15:10:13","2021-05-22 15:11:19","2021-05-22 15:11:19","2021-05-22 15:11:19"
ed8c43ab-99cf-4420-9f44-e3913f1930ff,「インポート」と「エクスポート」の違いは何ですか？,"<div data-component-type=""heading""><h2 id="""" level=""3"">データを取り込むのが「インポート」、外部にデータを出力するのが「エクスポート」</h2></div><div data-component-type=""heading""><h2 id="""" level=""2""></h2></div><div data-component-type=""informative""><div class=""info-container"" info-color=""red""><div class=""info-title"">ご注意</div><div class=""info-content""><div>あああああああああああああああ</div></div></div></div><div data-component-type=""line""><hr line-style=""thick"" /></div><div data-component-type=""collapsible""><div><h4 class=""collapsible-title"">Windowsの場合</h4><div class=""collapsible-content""><div>ああああああああああああ</div><div><br /></div></div></div></div><div data-component-type=""collapsible""><div><h4 class=""collapsible-title"">Macの場合は</h4><div class=""collapsible-content""><div>いいいいいいいいいい</div></div></div></div><div data-component-type=""text""><div><img src=""https://d2x3xhvgiqkx42.cloudfront.net/8b4de52f-f9b8-46bd-8e5b-5f1b35623ce7/70b48832-e802-4fdc-a006-6aafb8bb9337/2021/09/13/9c950070-f395-46b6-8ff6-ddfe2db81e8f/756647ba-fa78-4ffb-83d3-d65875abb5ac.png"" /></div></div><d",,72fb9dee-8476-4e66-a17b-f1bed73a3db7,公開済み,70b48832-e802-4fdc-a006-6aafb8bb9337,"2021-09-13 14:26:34","2021-09-13 14:33:15","2021-09-13 14:28:14","2021-09-13 14:31:06"
27461b70-e5ba-4dd0-ae07-ea4013ad7379,"スマートフォン以外の機器を充電することは可能ですか。","<div data-component-type=""text""><div>スマートフォン、ノートパソコン、タブレット用のモバイルバッテリーとなります。</div></div>",,3fd7b06b-db87-4bf0-b02f-f1808290da4f,公開済み,70b48832-e802-4fdc-a006-6aafb8bb9337,"2021-05-22 12:07:39","2021-05-22 12:08:28","2021-05-22 12:08:28","2021-05-22 12:08:28"
40f75b14-40e5-4740-bd0b-8679487df599,本製品を充電しながらほかの機器に給電をすることはできますか。,"<div data-component-type=""heading""><h2 id="""" level=""3"">本製品は同時に蓄電と給電を行うことはできません。</h2></div><div data-component-type=""text""><div><br />
蓄電中は出力ポートを使用しないでください。</div></div><div data-component-type=""table""><div class=""table-wrapper""><table><thead><tr><th><div>対象製品</div></th></tr></thead><tbody><tr><td><div>Anker PowerCore Essential 20000</div></td></tr><tr><td><div>Anker PowerCore 5000</div></td></tr><tr><td><div>Anker PowerCore 13000</div></td></tr></tbody></table></div></div>",,3fd7b06b-db87-4bf0-b02f-f1808290da4f,公開済み,70b48832-e802-4fdc-a006-6aafb8bb9337,"2021-05-22 12:01:49","2021-05-22 12:24:40","2021-05-22 12:04:14","2021-05-22 12:24:40"
a33208fa-691f-46ca-865d-c757eb7eadf8,あみもとです,"<div data-component-type=""text""><div>ここに回答</div></div><div data-component-type=""informative""><div class=""info-container"" info-color=""green""><div class=""info-title"">注意</div><div class=""info-content""><div></div></div></div></div>",,3fd7b06b-db87-4bf0-b02f-f1808290da4f,公開済み,70b48832-e802-4fdc-a006-6aafb8bb9337,"2021-09-16 13:53:08","2021-09-16 13:53:28","2021-09-16 13:53:28","2021-09-16 13:53:28"
fc33b35d-a68f-4823-883f-b7db167f8cd9,女性社員が活躍できる環境は整っていますか？,"<div data-component-type=""text""><h3>フルタイムで働きづらい主婦層でも、家庭と仕事を両立しやすいM社員（パート社員）制度があり、M社員から店長に登用する昇進制度もあります。また、女性の管理者が一層活躍できるよう、女性活躍推進のための行動計画を策定しています。<br />
詳しくは「<a data-composite=""true"" href=""https://www.shimamura.gr.jp/sustainability/social.html#social-01"" target="""">サステナビリティ</a>」をご覧ください。</h3></div><div data-component-type=""text""><div><img data-composite=""true"" src=""https://d2x3xhvgiqkx42.cloudfront.net/8b4de52f-f9b8-46bd-8e5b-5f1b35623ce7/70b48832-e802-4fdc-a006-6aafb8bb9337/2021/11/11/b0d7e4d4-748b-413b-b298-71004a19a0be/919529c2-8240-4210-a8be-b17038d0f2e2.png"" /></div></div><div data-component-type=""informative""><div class=""info-container"" info-color=""red""><div class=""info-title"">注意</div><div class=""info-content""><div>あああああああああああ</div></div></div></div>",,3fd7b06b-db87-4bf0-b02f-f1808290da4f,公開済み,70b48832-e802-4fdc-a006-6aafb8bb9337,"2021-11-11 15:22:01","2021-11-11 15:36:59","2021-11-11 15:22:23","2021-11-11 15:36:56"
0b26b1b8-c558-4be3-9d40-c724db202e21,配送日時の指定はできますか？,"<div data-component-type=""heading""><h2 id="""" level=""4"">誠に申し訳ございませんが、指定することはできません｡</h2></div><div data-component-type=""text""><div><br /></div><div><br /></div></div>",,f3da4236-61b4-4b01-b0f4-b2afe14b1cba,公開済み,70b48832-e802-4fdc-a006-6aafb8bb9337,"2021-05-22 16:45:55","2021-05-22 16:46:14","2021-05-22 16:46:14","2021-05-22 16:46:14"
15833436-1875-4f69-ad9e-860249b71689,返品時の送料はかかりますか？,"<div data-component-type=""heading""><h2 id="""" level=""4"">１．製品不具合の場合</h2></div><div data-component-type=""text""><div>当該事象を弊社が不具合であると確認した後、迅速に同一新品製品との交換対応をお承り致します。その際の送料は弊社が負担致します。</div></div><div data-component-type=""heading""><h2 id="""" level=""4"">2．上記以外の場合</h2></div><div data-component-type=""text""><div><ins>カスタマーサポート</ins>にお問い合わせください。</div></div>",,f3da4236-61b4-4b01-b0f4-b2afe14b1cba,公開済み,70b48832-e802-4fdc-a006-6aafb8bb9337,"2021-05-22 16:49:46","2021-05-22 16:50:43","2021-05-22 16:50:43","2021-05-22 16:50:43"
49f1aa69-8d98-4801-809e-892388a8f712,どのような支払い方法がありますか?,"<div data-component-type=""heading""><h2 id="""" level=""4"">お支払方法は､以下のいずれかよりお選びいただけます｡</h2></div><div data-component-type=""text""><ul>
  <li>クレジットカード</li>  <li>Amazonペイメント</li>  <li>atone 翌月後払い (コンビニ)</li></ul></div>",,f3da4236-61b4-4b01-b0f4-b2afe14b1cba,公開済み,70b48832-e802-4fdc-a006-6aafb8bb9337,"2021-05-22 16:36:59","2021-05-22 16:37:47","2021-05-22 16:37:47","2021-05-22 16:37:47"
4cc94518-ebb0-43d0-9afc-8feaa9ff7f92,商品の保証について知りたいのですが？,"<div data-component-type=""text""><div>特に注記がない限り、商品添付の保証書の記載内容によるものとします。ただし、当社では保証書に購入日と店名の記載・押印はいたしませんので、商品同封の明細書も保証書と一緒に保管してください。保証書が添付されてない商品の保証につきましてはご容赦ください。<br />
なお、生花につきましては、配送中に生じた破損・劣化のみ当社が保証いたします。ただし、ご不在が理由となる再配送などによる商品受取の遅延で生じた破損・劣化についての保証はできません。ご了承ください。</div></div>",,f3da4236-61b4-4b01-b0f4-b2afe14b1cba,公開済み,70b48832-e802-4fdc-a006-6aafb8bb9337,"2021-09-22 16:44:00","2021-10-28 11:49:53","2021-09-22 16:44:29","2021-10-28 11:49:53"
9b6e7218-c2f9-400b-8685-4675b5f9f2da,製品のお届け先を変更できますか？,"<div data-component-type=""heading""><h2 id="""" level=""4"">誠に申し訳ございませんが、注文確定後のお客様のご都合による配送先のご変更はできません。ご了承ください。</h2></div><div data-component-type=""text""><div><br /></div></div>",,f3da4236-61b4-4b01-b0f4-b2afe14b1cba,公開済み,70b48832-e802-4fdc-a006-6aafb8bb9337,"2021-05-22 16:45:20","2021-05-22 16:45:40","2021-05-22 16:45:40","2021-05-22 16:45:40"
9bc3d7c3-ce5c-4afd-bb9f-1bb1f56b1906,製品が発送されない。商品が届かない。,"<div data-component-type=""heading""><h2 id="""" level=""4"">ご注文いただいた製品が出荷されますと、配送情報がメールにて送付されます｡ もしこちらのメールが届いていない場合は、カスタマーサポートへご連絡ください｡</h2></div><div data-component-type=""text""><div>上記メールを受信済みの場合は、お手数ですが配送業者へ直接ご連絡ください｡</div></div>",,f3da4236-61b4-4b01-b0f4-b2afe14b1cba,公開済み,70b48832-e802-4fdc-a006-6aafb8bb9337,"2021-05-22 16:46:36","2021-05-22 16:47:19","2021-05-22 16:47:19","2021-05-22 16:47:19"
a179690e-04ff-43a5-8d03-772b35c915bc,ギフトラッピングや、複数の製品ご注文時に同梱の指定はできますか？,"<div data-component-type=""heading""><h2 id="""" level=""4"">誠に申し訳ございませんが、ご指定は承っておりません｡</h2></div>",,f3da4236-61b4-4b01-b0f4-b2afe14b1cba,公開済み,70b48832-e802-4fdc-a006-6aafb8bb9337,"2021-05-22 16:47:39","2021-05-22 16:47:57","2021-05-22 16:47:57","2021-05-22 16:47:57"
b9e79322-1a7e-4003-825a-cb6aec74296e,送料はかかりますか？,"<div data-component-type=""heading""><h2 id="""" level=""4"">ご購入金額が4000円未満の場合､送料540円(税込)が必要となります｡また､ご購入金額が4000円以上のお客様は､送料無料となります｡</h2></div><div data-component-type=""text""><div><br /></div></div>",,f3da4236-61b4-4b01-b0f4-b2afe14b1cba,公開済み,70b48832-e802-4fdc-a006-6aafb8bb9337,"2021-05-22 16:39:09","2021-05-22 16:39:44","2021-05-22 16:39:44","2021-05-22 16:39:44"
be1ff100-a7f5-4708-aa73-babc680e6332,注文後に、注文内容の変更・配送先の変更はできますか？,"<div data-component-type=""heading""><h2 id="""" level=""4"">誠に申し訳ございませんが、注文確定後のお客様のご都合によるご注文内容の変更・配送先のご変更は承っておりません｡</h2></div>",,f3da4236-61b4-4b01-b0f4-b2afe14b1cba,公開済み,70b48832-e802-4fdc-a006-6aafb8bb9337,"2021-05-22 16:35:45","2021-05-22 16:36:11","2021-05-22 16:36:11","2021-05-22 16:36:11"
e757fc85-f4a0-4a86-aa10-4dc9dbb5f19e,支払い方法を変更できますか？,"<div data-component-type=""heading""><h2 id="""" level=""4"">注文確定後のお支払いの変更はできません｡</h2></div>",,f3da4236-61b4-4b01-b0f4-b2afe14b1cba,公開済み,70b48832-e802-4fdc-a006-6aafb8bb9337,"2021-05-22 16:38:12","2021-05-22 16:38:36","2021-05-22 16:38:36","2021-05-22 16:38:36"
e9e9d2cc-e891-48db-9eaa-c79f67a8230e,注文のキャンセルはできますか？,"<div data-component-type=""heading""><h2 id="""" level=""4"">誠に申し訳ございませんが、原則としてご注文後発送手配が完了している場合､お客様のご都合によるご注文のキャンセルはお受け致しかねます｡</h2></div>",,f3da4236-61b4-4b01-b0f4-b2afe14b1cba,公開済み,70b48832-e802-4fdc-a006-6aafb8bb9337,"2021-05-22 16:34:13","2021-05-22 16:34:57","2021-05-22 16:34:40","2021-05-22 16:34:57"
f1c33cbd-1e74-4dbb-86e0-18699ec2741d,注文した製品は、何日後に届きますか？,"<div data-component-type=""heading""><h2 id="""" level=""4"">入金確認後1～7営業日でお届け致します｡</h2></div><div data-component-type=""informative""><div class=""info-container"" info-color=""green""><div class=""info-content""><div>ただし､配送状況により上記日程を超えてのお届けになる場合もございます｡</div></div></div></div>",,f3da4236-61b4-4b01-b0f4-b2afe14b1cba,公開済み,70b48832-e802-4fdc-a006-6aafb8bb9337,"2021-05-22 16:44:11","2021-05-22 16:44:54","2021-05-22 16:44:54","2021-05-22 16:44:54"
f1fc6cc0-6ccb-4bde-b143-808f6f0970f3,配送業者はどこですか？,"<div data-component-type=""heading""><h2 id="""" level=""4"">発送業務はアマゾン・ジャパン合同会社様へ外部委託を行っております。</h2></div><div data-component-type=""text""><div>配送業者はデリバリープロバイダ､ヤマト運輸、日本郵便等（配送業者様は適宜異なる場合がございます。）</div></div><div data-component-type=""informative""><div class=""info-container"" info-color=""blue""><div class=""info-content""><ul>
  <li>アマゾン・ジャパン合同会社様のシステム仕様により、沖縄県の一部の住所には配送できない場合がございます。その場合につきましては、キャンセル対応とさせていただきます。</li>  <li>コンビニエンスストアまたは、配送業者局留めでのお受け取りはできません。お受け取りできるご自宅等のご住所にてご注文ください。</li></ul></div></div></div>",,f3da4236-61b4-4b01-b0f4-b2afe14b1cba,公開済み,70b48832-e802-4fdc-a006-6aafb8bb9337,"2021-05-22 16:40:06","2021-05-22 16:41:33","2021-05-22 16:41:33","2021-05-22 16:41:33"
1450f3b0-c770-4d07-816a-38522f3a0074,不良品を交換したいです。,"<div data-component-type=""heading""><h2 id="""" level=""4"">Ankerの全製品には18ヶ月間の製品保証がついておりますので、その期間内にお買い上げの製品に不具合があった場合、カスタマーサポートにお問い合わせください。弊社が不具合であると確認した後、迅速に同一新品製品との交換対応をお承り致します。</h2></div>",,b306b3d6-096c-4e96-ac0a-4b99a9a7e12c,公開済み,70b48832-e802-4fdc-a006-6aafb8bb9337,"2021-05-23 10:13:05","2021-05-23 10:13:38","2021-05-23 10:13:38","2021-05-23 10:13:38"
f8198657-562c-4d81-8562-f3ebcc156f5f,充電できない,"<div data-component-type=""heading""><h2 id="""" level=""3"">Anker製モバイルバッテリーが充電できない場合の確認事項と対処方法については以下をご確認ください</h2></div><div data-component-type=""line""><hr line-style=""thin"" /></div><div data-component-type=""heading""><h2 id="""" level=""3"">確認①　充電ケーブル</h2></div><div data-component-type=""text""><div>充電ケーブルの不良が原因でモバイルバッテリーの充電ができないことが考えられます。新しい充電ケーブルで充電が可能かご確認ください</div></div><div data-component-type=""heading""><h2 id="""" level=""3"">確認②　モバイルバッテリー</h2></div><div data-component-type=""text""><div>新しい充電ケーブルでも充電ができない場合、モバイルバッテリー側に原因があることが考えられます。</div><div><br /></div><div><strong>利用回数の限度</strong></div><div><br /></div><div>モバイルバッテリーを長期間使っていると劣化してきます。モバイルバッテリーの充電回数は、約300～500回ぐらいです。1日に1回、モバイルバッテリーで充電したとすると約1年～1年半ぐらいが寿命となります。</div></div><div data-component-type=""informative""><div class=""info-container"" info-color=""blue""><div class=""info-title"">修理のご相談</div><div class=""info-content""><div>充電回数も少なく、モバイルバッテリーの故障が考えられる場合は弊社サポートセンターまでご相談をお願い致します</div><div><br /></div><div>お問合せは<a href=""https://sapporo.wixanswers.com/contact"" target="""">こちら</a",,b306b3d6-096c-4e96-ac0a-4b99a9a7e12c,公開済み,70b48832-e802-4fdc-a006-6aafb8bb9337,"2021-05-22 16:13:59","2021-05-22 16:20:55","2021-05-22 16:20:55","2021-05-22 16:20:55"
c29a632c-a75f-45ab-b7b2-45cadb462f69,修理したい,"<div data-component-type=""text""><div>弊社では製品の修理を行っておりません。</div><div>保証期間内の場合は無償にて交換対応させていただいております。</div><div><br /></div><div>詳しくは<a href=""https://sapporo.wixanswers.com/kb/ja/article/%E8%A3%BD%E5%93%81%E3%81%AE%E4%BF%9D%E8%A8%BC%E5%86%85%E5%AE%B9%E3%81%AB%E3%81%A4%E3%81%84%E3%81%A6"" target="""">製品の保証内容</a>についてをご覧ください</div></div>",,5a4d56ee-9498-4cac-a234-c0b4639f2722,公開済み,70b48832-e802-4fdc-a006-6aafb8bb9337,"2021-05-24 15:54:11","2021-05-24 15:55:30","2021-05-24 15:55:30","2021-05-24 15:55:30"
ec62d503-9114-4ea1-8b97-718753d214d7,製品の保証内容について,"<div data-component-type=""heading""><h2 id="""" level=""3"">30日間の返品返金保証ならび
18ヶ月製品長期保証を提供しております</h2></div><div data-component-type=""text""><div><br /></div></div><div data-component-type=""heading""><h2 id="""" level=""3"">30日間の返品返金保証</h2></div><div data-component-type=""text""><div>ご注文日から30日間 (注) は、以下のいずれかの場合に限り、弊社指定の場所に製品をご返品後、返金対応を承ります。 (注：予約注文を除く。予約注文に限り、発送日から起算させて頂きます。)</div></div><div data-component-type=""text""><div><strong>① 製品不具合の場合</strong></div><div><br /></div><div>製品が説明書通りに動作しない、未使用の状態で製品にキズがあった、お客様に到着した際に箱がつぶれていた、等の場合 (これらの状況を「不具合」と呼びます) 、ご希望されるお客様には製品代金の全額を返金致します。この際、当該製品返品のための返送送料は弊社が負担致します。ただし、ご購入後の落下、衝撃、改造、浸水等、お客様が意図せずとも製品の故障につながるような行為を起因とした製品の不具合 (「お客様過失による不具合」と呼びます) につきましては、本保証の対象外とさせていただきます</div><div><br /></div><div><strong>② 上記以外で返品をご希望の場合</strong></div><div><br /></div><div>購入された製品自体に不具合はないものの、お客様が意図せずとも誤って注文された (色違い、長さ違いを含む) 等を理由に返品をご希望される場合、当該製品返品のための返送送料をお客様にご負担いただくことを条件に、製品代金の全額を返金致します。なお、お客様のご判断により着払い等でご返送いただいた場合、返品をお受け致しませんので、あらかじめご了承ください。</div></div><div data-component-type=""informative""><div c",,5a4d56ee-9498-4cac-a234-c0b4639f2722,公開済み,70b48832-e802-4fdc-a006-6aafb8bb9337,"2021-05-22 16:25:22","2021-05-22 16:30:10","2021-05-22 16:30:10","2021-05-22 16:30:10"
11540578-a729-4ea7-ba83-82c931a94316,返品の手続きはどうすればいいでしょうか？,"<div data-component-type=""heading""><h2 id="""" level=""4"">電子メールもしくはお電話でカスタマーサポートにお問い合わせください。</h2></div><div data-component-type=""text""><div>カスタマーサポートより、ご返品の方法についてご案内致します。</div></div>",,a971c021-f85e-4918-a3be-0066669a345b,公開済み,70b48832-e802-4fdc-a006-6aafb8bb9337,"2021-05-22 16:51:01","2021-05-22 16:51:25","2021-05-22 16:51:25","2021-05-22 16:51:25"
48378834-6ebc-425a-a7e4-87eaa8ef974e,製品の外箱が破損しています。交換はできますでしょうか？,"<div data-component-type=""heading""><h2 id="""" level=""4"">カスタマーサポートにお問い合わせください。お客様に到着した際に箱がつぶれていた場合、迅速に同一新品製品との交換対応をお承り致します。</h2></div>",,a971c021-f85e-4918-a3be-0066669a345b,公開済み,70b48832-e802-4fdc-a006-6aafb8bb9337,"2021-05-22 16:51:42","2021-05-22 16:52:08","2021-05-22 16:52:08","2021-05-22 16:52:08"
848968a3-bd1a-44d1-a709-a03accaeb4e0,海外で購入した製品が壊れました。日本で交換・返品はできますか？,"<div data-component-type=""text""><div><br /></div></div><div data-component-type=""heading""><h2 id="""" level=""4"">海外で購入した製品を日本で交換/返品することはできません。ご購入元の店舗様宛にお問い合わせください。</h2></div><div data-component-type=""text""><div><br /></div><div><br /></div></div>",,a971c021-f85e-4918-a3be-0066669a345b,公開済み,70b48832-e802-4fdc-a006-6aafb8bb9337,"2021-05-23 10:13:58","2021-05-23 10:14:32","2021-05-23 10:14:18","2021-05-23 10:14:32"
8c9049e5-4d1d-458c-a16d-4d075e3272bd,開封した製品でも返品はできますか？,"<div data-component-type=""heading""><h2 id="""" level=""4"">ご注文日から30日以内に、メールやお電話にてカスタマーサポートにお問い合わせください。</h2></div><div data-component-type=""text""><div>カスタマーサポートより、ご返品の方法についてご案内致します。<br />
製品返品のための返送送料をお客様にてご負担いただくことを条件に､製品代金の全額を返金致します。</div><div><br />
ただし、お客様のご判断により着払い等でご返送いただいた場合、弊社では返品をお受けとり致しかねます。あらかじめご了承ください。</div></div>",,a971c021-f85e-4918-a3be-0066669a345b,公開済み,70b48832-e802-4fdc-a006-6aafb8bb9337,"2021-05-22 16:49:04","2021-05-22 16:49:30","2021-05-22 16:49:30","2021-05-22 16:49:30"
9cabe102-b236-4a91-8705-5c8788f6da49,届いた製品に傷がついています。どうすればいいでしょうか？,"<div data-component-type=""heading""><h2 id="""" level=""4"">全製品には18ヶ月間の製品保証がついておりますので、その期間内にお買い上げの製品に不具合があった場合、カスタマーサポートにお問い合わせください。弊社が不具合であると確認した後、迅速に同一新品製品との交換対応をお承り致します。</h2></div>",,a971c021-f85e-4918-a3be-0066669a345b,公開済み,70b48832-e802-4fdc-a006-6aafb8bb9337,"2021-05-22 16:52:20","2021-05-22 16:52:46","2021-05-22 16:52:46","2021-05-22 16:52:46"
d893b02e-0f09-4376-9e1b-c358c835b04b,間違った製品を購入してしまった場合、返品はできますか？,"<div data-component-type=""heading""><h2 id="""" level=""4"">ご注文日から30日以内に、メールやお電話にてカスタマーサポートにお問い合わせください。</h2></div><div data-component-type=""text""><div><br /></div><div>カスタマーサポートより、ご返品の方法についてご案内致します。<br />
製品返品のための返送送料をお客様にてご負担いただくことを条件に､製品代金の全額を返金致します。</div><div><br /></div></div><div data-component-type=""informative""><div class=""info-container"" info-color=""orange""><div class=""info-title"">ご注意</div><div class=""info-content""><div>お客様のご判断により着払い等でご返送いただいた場合、弊社では返品をお受けとり致しかねます。あらかじめご了承ください。</div></div></div></div><div data-component-type=""text""><div><br /></div></div><div data-component-type=""collapsible""><div><h4 class=""collapsible-title"">返品手続きについて</h4><div class=""collapsible-content""><div>カスタマーサポートより、ご返品の方法についてご案内致します。 製品返品のための返送送料をお客様にてご負担いただくことを条件に､製品代金の全額を返金致します。</div></div></div></div>",,a971c021-f85e-4918-a3be-0066669a345b,公開済み,70b48832-e802-4fdc-a006-6aafb8bb9337,"2021-05-22 16:48:14","2021-05-28 08:05:09","2021-05-22 16:48:50","2021-05-28 08:05:09"
b2e31ac3-d0c3-4324-99f3-44470c668815,"取扱説明書
Anker PowerCore 13000","<div data-component-type=""text""><div><a href=""https://d2x3xhvgiqkx42.cloudfront.net/8b4de52f-f9b8-46bd-8e5b-5f1b35623ce7/70b48832-e802-4fdc-a006-6aafb8bb9337/2021/05/22/a7d97b8e-b797-4985-b98b-f7ece40b619e/a1109manual.pdf?response-content-disposition=attachment;filename*=UTF-8''a1109manual.pdf"" target="""">取扱説明書（PDF）</a></div></div>",,1634036d-e526-424b-8111-a039eb88651a,公開済み,70b48832-e802-4fdc-a006-6aafb8bb9337,"2021-05-22 12:20:53","2021-05-22 12:21:07","2021-05-22 12:21:07","2021-05-22 12:21:07"
bc95c773-5cf0-4f73-aba7-8dbbdf641a32,"取扱説明書
Anker PowerCore 5000","<div data-component-type=""text""><div><a href=""https://d2x3xhvgiqkx42.cloudfront.net/8b4de52f-f9b8-46bd-8e5b-5f1b35623ce7/70b48832-e802-4fdc-a006-6aafb8bb9337/2021/05/22/a7d97b8e-b797-4985-b98b-f7ece40b619e/a1109manual.pdf?response-content-disposition=attachment;filename*=UTF-8''a1109manual.pdf"" target="""">取扱説明書（PDF）</a></div></div>",,1634036d-e526-424b-8111-a039eb88651a,公開済み,70b48832-e802-4fdc-a006-6aafb8bb9337,"2021-05-22 12:19:17","2021-05-22 12:19:56","2021-05-22 12:19:56","2021-05-22 12:19:56"
febb3eaf-2a0c-4030-9dc9-c55d832a8f0b,"取扱説明書
Anker PowerCore Essential 20000","<div data-component-type=""text""><div><a href=""https://d2x3xhvgiqkx42.cloudfront.net/8b4de52f-f9b8-46bd-8e5b-5f1b35623ce7/70b48832-e802-4fdc-a006-6aafb8bb9337/2021/05/22/fd1a1888-60fc-42b5-92c1-9e215c17ac7d/a1268manual.pdf?response-content-disposition=attachment;filename*=UTF-8''a1268manual.pdf"" target="""">取扱説明書（PDF）</a></div></div>",,1634036d-e526-424b-8111-a039eb88651a,公開済み,70b48832-e802-4fdc-a006-6aafb8bb9337,"2021-05-22 12:15:20","2021-05-22 12:18:10","2021-05-22 12:17:41","2021-05-22 12:18:10"
0bd76d68-7d1c-413e-bcde-9680da74e666,,"<div data-component-type=""text""><div></div></div><div data-component-type=""text""><div>これはミャンマー語です</div></div><div data-component-type=""text""><div dir=""rtl"" style=""text-align: right""> </div></div><div data-component-type=""text""><div>これアラビア語</div></div>",,37cf45b1-c1a6-4673-942c-d2c34f4e0a86,公開済み,70b48832-e802-4fdc-a006-6aafb8bb9337,"2021-07-14 09:22:24","2021-07-14 18:28:45","2021-07-14 09:23:30","2021-07-14 09:23:30"
187725ea-e536-48b8-ba17-36be19b18d27,カスタマーサポートの営業時間,"<div data-component-type=""text""><div><strong>お電話（03-4455-7823）</strong></div><div><br /></div><div>月～金 9:00～17:00 祝日・お盆・年末年始を除く</div><div><br /></div><div><strong>メール（お問合せフォーム）</strong></div><div><br /></div><div>24時間</div><div><br /></div><div><strong>チャット</strong></div><div><br /></div><div>24時間（チャットボットによる対応）</div><div>月～金 9:00～17:00 祝日・お盆・年末年始を除く（オペレーターによる対応）</div></div>",,37cf45b1-c1a6-4673-942c-d2c34f4e0a86,公開済み,70b48832-e802-4fdc-a006-6aafb8bb9337,"2021-05-25 23:05:39","2021-05-25 23:07:51","2021-05-25 23:07:34","2021-05-25 23:07:34"
498d3ab2-6c14-49c5-bd2e-3f4541a508da,水引の結び方,"<div data-component-type=""text""><div>一般的に水引の結び方は、蝶の羽の形になる結び方（蝶結び）と、輪のできない結び方（結び切り・引き結び）、どちらの場合にも使える結び方（あわび結び・あわじ結び）の三通りあります。<br />
<br />
蝶結びは、片方の水引を引くとほどけてしまい、再度容易に結ぶことができるため、そのことが何度も繰り返されてよい場合に使用し、結婚祝いを除くほとんどの慶事と一般贈答に用いられます。（結婚祝いでも、結婚記念日などの祝い品は蝶結びにします。）<br />
<br />
結び切りは、片方の水引を引いてもほどけない結び方です。再度容易に結ぶことができないため、二度とそのことが繰り返されないようにという意味が込められています。結婚祝い（結婚記念日などを除く）と弔事の場合はすべて結び切りを使用します。病気見舞いも結び切りです。但し、地方の風習により水引の結び方が異なる場合があります。<br />
<br />
水引の先を輪にしたものは「輪結び」といい、お祝いに使用します。</div></div>",,37cf45b1-c1a6-4673-942c-d2c34f4e0a86,公開済み,70b48832-e802-4fdc-a006-6aafb8bb9337,"2021-07-12 23:16:59","2021-07-12 23:17:54","2021-07-12 23:17:14","2021-07-12 23:17:14"
63bcdd8b-f207-42d8-bb00-c1374f7de999,お問合せ先が知りたい,"<div data-component-type=""text""><div>03-4455-7823</div><div><br /></div><div>【受付時間】</div><div>月～金 9:00～17:00 祝日・お盆・年末年始を除く</div><div><br /></div><div>メールでのお問合せは<a href=""https://sapporo.wixanswers.com/contact"" target="""">こちら</a></div></div>",,37cf45b1-c1a6-4673-942c-d2c34f4e0a86,公開済み,70b48832-e802-4fdc-a006-6aafb8bb9337,"2021-05-25 19:02:09","2021-05-25 19:05:04","2021-05-25 19:05:04","2021-05-25 19:05:04"
93b7cff1-4f39-4e95-bb16-692b0425ac59,パスワードを忘れてしまった,"<div data-component-type=""text""><div>パスワードを忘れてしまった場合、<a href=""http://www.google.com"" target="""">こちら</a>よりパスワードリセットを行ってください</div></div><div data-component-type=""informative""><div class=""info-container"" info-color=""red""><div class=""info-title"">ご注意</div><div class=""info-content""><div>パスワードを3回続けて間違えた場合、24時間パスワードがロックされパスワードリセットも出来なくなりますのでご注意ください</div></div></div></div>",,37cf45b1-c1a6-4673-942c-d2c34f4e0a86,公開済み,70b48832-e802-4fdc-a006-6aafb8bb9337,"2021-05-28 07:20:19","2021-05-28 07:25:10","2021-05-28 07:25:10","2021-05-28 07:25:10"
9460ceae-cb5b-44ee-ad68-831b2ab6e9b5,"iframe test","<div data-component-type=""text""></div><div data-component-type=""iframe""><div class=""iframe-wrapper"" style=""text-align:left""><iframe src=""https://docs.google.com/spreadsheets/d/1MJ7yqTlqdfRuo-11Uw7OnhO7xi646uicGcc7jxB25V4/edit#gid=0"" style=""width:600px;height:450px;"" scrolling=""auto""></iframe></div></div><div data-component-type=""text""><div><br /></div></div><div data-component-type=""iframe""><div class=""iframe-wrapper"" style=""text-align:left""><iframe src=""https://docs.google.com/spreadsheets/d/e/2PACX-1vQ1XYG4t4hBjNsKlzh2wacEmJs21nmT4OpToKBcdgDjMm-T0e3r6IA6osMKauZTXJ8baEbUygQshn7x/pubhtml?gid=0&amp;single=true&amp;widget=true&amp;headers=false"" style=""width:600px;height:450px;"" scrolling=""auto""></iframe></div></div><div data-component-type=""text""><div>&lt;!--td {border: 1px solid #ccc;}br {mso-data-placement:same-cell;}--&gt;これはテストです</div></div>",,37cf45b1-c1a6-4673-942c-d2c34f4e0a86,公開済み,70b48832-e802-4fdc-a006-6aafb8bb9337,"2021-07-15 17:18:39","2021-07-29 17:18:10","2021-07-29 17:05:16","2021-07-29 17:18:10"
ed1ae00e-a9ed-47ac-bfb6-044ebcee348e,Anker会員はどのような特典がありますか?,"<div data-component-type=""heading""><h2 id="""" level=""3"">Anker公式オンラインストアでは､会員登録をしていただいた方々へ､様々な特典サービスをご用意しております。詳細は会員特典についてのページをご確認ください｡</h2></div>",,37cf45b1-c1a6-4673-942c-d2c34f4e0a86,公開済み,70b48832-e802-4fdc-a006-6aafb8bb9337,"2021-05-23 10:15:01","2021-05-23 10:15:19","2021-05-23 10:15:19","2021-05-23 10:15:19"
10a6ee15-2d79-47db-8d85-359aad3c905c,"Ankerグループの本社Anker Innovationsが深証券取引所の新興企業向け市場「創業板 (ChiNext) 」へ新規上場","<div data-component-type=""text""><h1><img data-composite=""true"" src=""https://lp.ankerjapan.com/hubfs/Landing%20Page/20200822_Listing%20Day/02.jpg"" alt=""02"" /></h1><h2>Ankerグループの本社Anker Innovationsが<br />
深証券取引所の新興企業向け市場「創業板 (ChiNext) 」へ新規上場</h2><div></div><div>Ankerグループの本社Anker Innovationsは2020年8月24日、深証券取引所の新興企業向け市場「創業板 (ChiNext) 」にて、新方式のIPO登録制導入後初の上場企業の一つとして新規上場を致しました。</div><div>今回の株式上場に際しAnker Innovationsは4,100万株を新たに発行し、約420億円の資金調達を行います。</div><div>調達した資金は、主にコア技術や製品、ソフトウェアの研究開発や、その中心となる施設の増強や運用に投じられ、世界中のお客様の生活をよりスマート＆快適にサポートする体制強化を行って参ります。</div><div></div><div><a class=""ce-image-link"" href=""https://lp.ankerjapan.com/cs/c/?cta_guid=24753d64-f0be-4845-b329-86f5ce0865bc&amp;signature=AAH58kHiDt-eqkcc0HVLUfBLAWD-VgiOAg&amp;pageId=33970940809&amp;placement_guid=a63194c0-1a85-4159-bca2-75f94431dc8a&amp;click=693e66d5-347a-4035-8f9f-2c9ec7e1f6ec&amp;hsutk=ac13a8677c00df748b491da56ca9079b&amp;canon=https%3A%2F%2Flp.ankerjapan.com%2Fanker-ipo&amp;utm_referrer=https%3A%2F%2Flp.ankerjapan.com%2Fcorporate&amp;portal",,37b924fb-2ca6-4e35-ac17-7847047d7ed8,公開済み,70b48832-e802-4fdc-a006-6aafb8bb9337,"2021-05-23 10:23:40","2021-05-23 10:24:35","2021-05-23 10:24:35","2021-05-23 10:24:35"
e1bb0fe1-7650-4c54-9f1d-517014ec3de3,買い替えキャンペーンについて,"<div data-component-type=""text""><div><br />
<br />
</div><div><img data-composite=""true"" src=""https://f.hubspotusercontent20.net/hubfs/5012528/A%E5%85%AC%E5%BC%8F/Other/202011_Replacement%20Campaign/replacement_campaign_v2.png"" alt=""replacement_campaign"" /></div><div>お申し込みにあたって、下記内容を必ずご一読くださいますようお願い申し上げます。<br />
対象製品を現在お使いの方、もしくはお持ちの方は<a href=""https://www.ankerjapan.com/apply.html?id=REPLACEMENT_2020#step"">【お申し込みの流れ】</a>をご一読の上、お申し込みください。</div><div>【受付期間】2020年11月19日 (木) 18:00 ～ 2020年12月23日 (水) 23:59</div><div>【回収期間】2020年11月19日 (木) 18:00 ～ 2021年1月14日 (木) 当日消印有効</div><h2>キャンペーン対象商品</h2><div>本キャンペーンは、2017年末日までに日本国内でご購入いただいたAnkerのモバイルバッテリーおよび充電器が対象となります。<br />
なお、一部対象外の製品もございます。対象外の製品でお申し込みを頂いた場合、製品の返却及びポイント付与は致しかねますので、ご注意ください。</div><h2>対象外製品※下記製品は本キャンペーンの対象外です</h2><div><img data-composite=""true"" src=""https://dbcn1bdvswqbx.cloudfront.net/client_info/ANKERJAPAN/itemimage/A1263/A1263001.jpg"" alt=""A1263"" /></div><div>PowerCore<br />
10000</div><div><img data-composite=""true"" src=""https://dbcn1bdvswqbx.cloudfront.",,37b924fb-2ca6-4e35-ac17-7847047d7ed8,公開済み,70b48832-e802-4fdc-a006-6aafb8bb9337,"2021-05-23 10:18:46","2021-05-23 10:19:09","2021-05-23 10:19:09","2021-05-23 10:19:09"
f04e0f7f-b301-4b0d-890d-a121e9b90b24,"書籍「Anker 爆発的成長を続ける新時代のメーカー」の販売","<div data-component-type=""text""><div><br /></div><div><img data-composite=""true"" src=""https://www.ankerjapan.com/client_info/ANKERJAPAN/itemimage/ANKERBOOK01/ANKERBOOK01_banner.jpg"" /></div><div>モバイルバッテリーや急速充電器、USBケーブルなどの、現代社会に必要不可欠なスマートフォン・タブレット関連製品の開発・販売を行うハードウェアメーカー、Ankerグループ。その中核をなすブランド「Anker」は米・Google出身の数名の若者達によって2011年に創設され、iPhoneをはじめとするスマートフォンやモバイルアプリ市場の拡大とともに爆発的な成長を遂げた。現在ではスマートフォン・タブレットアクセサリーの枠を超え、グループ全体で高品質なオーディオ機器やロボット掃除機といった生活を豊かにするスマートなデバイスを数々提供し、感度の高いビジネスパーソンやガジェット好きを筆頭に世界中で評価され続けている。<br />
知名度ゼロであった外資系ハードウェアベンチャーが、何故わずか数年で業界のトップランナーになれたのか？　そこには、同グループの創設者であるスティーブン・ヤンを始めとする経営陣の明確なビジョンや、中央集権にならないための組織づくり、徹底されたカスタマーサポート、Amazonでトップを取り続けるための販売戦略など、世界で躍進を続けるための確固たる理由があった。<br />
本書は、「Empowering Smarter Lives（スマートな生活を後押しする）」をミッションに掲げるAnkerグループがトップブランドとしての地位を確立するに至った歩みとともに、「新時代のメーカーの在り方」について紐解くものである。Ankerグループ製品を愛するファンのみならず、企業で働く多くのビジネスパーソンにとっても必読の内容になっている。<br />
<br />
</div><h4>■ 米国や日本、欧州各国など、世界のEC市場でベストセラーや売上1位を獲得！中国・深発のハードウェアベンチャーが、数年で業界のトップランナーになれた秘訣とは？</h4><div>松村太郎<br />
ジャーナリスト･著者。1980年生まれ。慶應義塾大学政策",,37b924fb-2ca6-4e35-ac17-7847047d7ed8,公開済み,70b48832-e802-4fdc-a006-6aafb8bb9337,"2021-05-23 10:22:41","2021-05-23 10:23:19","2021-05-23 10:23:19","2021-05-23 10:23:19"
70d300bc-7e4d-416b-aeb6-af1da80eb467,新しい有効期限のカードはいつ頃届くのですか？,"<div data-component-type=""text""><div>新しいカードは有効期限の5～10日頃に発送いたします。 万一カードが届かないという場合は<a href=""http://www.orico.co.jp/support/cardcenter/"" target="""">オリコカードセンター</a>までお問い合わせください。 なお新しいカードが届きましたら、有効期限が切れるカードはハサミで半分に切ってご処分いただきますようお願いいたします。</div></div>",,d124b57d-371f-4211-bcb7-fc91b23c4345,公開済み,70b48832-e802-4fdc-a006-6aafb8bb9337,"2021-06-14 20:38:01","2021-06-14 20:40:43","2021-06-14 20:38:23","2021-06-14 20:38:23"
80c8bf69-4518-420c-9834-ee1627e16ccc,プリペイドカードを紛失してしまいましたが、どうすればいいですか？,"<div data-component-type=""text""><div>第三者による利用防止のため、「Orico My プリカ」内の「カード利用停止・解除」ページにて利用停止を行ってください。 ※詳しくは<a href=""http://www.orico.co.jp/prepaid/guide/member/stop.html"" target="""">「Orico My プリカの使い方」</a>をご覧ください。 ※再発券の場合は、プリペイドカード番号、有効期限、暗証番号が再発券前の内容から変更となります。 ※プリペイドカードの紛失・盗難・事故・不正使用は補償の対象外となります。</div></div>",,d124b57d-371f-4211-bcb7-fc91b23c4345,公開済み,70b48832-e802-4fdc-a006-6aafb8bb9337,"2021-06-14 20:37:42","2021-06-14 20:58:25","2021-06-14 20:37:55","2021-06-14 20:37:55"
8d6402a7-947c-42cb-92ed-9143320fb9a9,"オリコETCカードは申込みしてからどれくらいで届きますか？","<div data-component-type=""text""><div>1週間～2週間前後でお届けいたします。 ※オリコカードと同時にETCカードをお申込みされた場合でも、別々にお客さまへ郵送されることがございます。 なお、その際郵送事情により、ETCカードがオリコカードよりも先に届くことがあります。 ※カードのお届けは諸事情により遅れる場合がございますので、あらかじめご了承ください。</div></div>",,d124b57d-371f-4211-bcb7-fc91b23c4345,公開済み,70b48832-e802-4fdc-a006-6aafb8bb9337,"2021-06-14 20:38:04","2021-06-14 20:40:55","2021-06-14 20:38:40","2021-06-14 20:38:40"
91efe6b4-4deb-41a7-abee-91c2400217f4,ご利用代金明細書の費用を知りたい,"<div data-component-type=""text""><div>100円です</div></div>",,d124b57d-371f-4211-bcb7-fc91b23c4345,公開済み,70b48832-e802-4fdc-a006-6aafb8bb9337,"2021-06-15 11:32:58","2021-06-15 11:33:18","2021-06-15 11:33:18","2021-06-15 11:33:18"
9f0a924f-d3e6-4ae3-9419-7523a5110419,カードやETCカードが紛失や盗難にあった時はどうしたら良いですか？,"<div data-component-type=""text""><div>至急弊社までご連絡ください。 紛失盗難受付窓口（24時間365日受付）は<a href=""http://www.orico.co.jp/support/card_loss/"" target="""">こちら</a> 併せて警察へのお届けもお願いします。 また、「ハイカ・前払」残高管理サービスまたはETCマイレージサービスをご利用中のお客さまは、前払金残高や還元額を保全するため、利用一時停止の手続きが必要となります。</div><div>＜ETCマイレージサービス＞ <a href=""http://www.smile-etc.jp/"" target="""">ETCマイレージサービス事務局</a>の会員トップページから「利用停止」手続きを行ってください。 または、ナビダイヤル 0570-010125、携帯電話・PHSなどからは045-477-3793へご連絡ください。（受付は平日9:00～21:00、土･日･祝9:00～18:00）</div><div>＜障害者割引（ETC利用登録）＞市町村福祉事務所窓口へお問合せの上、お手続きください。</div></div>",,d124b57d-371f-4211-bcb7-fc91b23c4345,公開済み,70b48832-e802-4fdc-a006-6aafb8bb9337,"2021-06-14 20:37:17","2021-06-14 20:58:05","2021-06-14 20:37:30","2021-06-14 20:37:30"
a0cef70f-9432-45ef-ac80-98ee3e3f9092,"申込みしたカードはいつ頃届きますか？","<div data-component-type=""text""><div>ネットでの「オンライン申込」によるお申込みは、「審査完了日」から最短8営業日でカードを発送いたします。 「郵送申込」によるお申込みは約3週間ほどでカードを発送いたします。 ※カードのお届けは郵便事情により遅れる場合がございますので、あらかじめご了承ください。</div></div>",,d124b57d-371f-4211-bcb7-fc91b23c4345,公開済み,70b48832-e802-4fdc-a006-6aafb8bb9337,"2021-06-14 20:38:06","2021-06-14 20:41:13","2021-06-14 20:38:57","2021-06-14 20:38:57"
d78fc5c7-9948-47dc-8327-670f38db0dee,"オリコカードの申込方法や申込み時に必要な書類を教えてください。","<div data-component-type=""text""><div>ここに回答を書く</div></div><div data-component-type=""heading""><h2 id="""" level=""2"">ここに回答主文</h2></div><div data-component-type=""informative""><div class=""info-container"" info-color=""red""><div class=""info-title"">注意</div><div class=""info-content""><div>ああああ</div></div></div></div><div data-component-type=""line""><hr line-style=""thick"" /></div><div data-component-type=""collapsible""><div><h4 class=""collapsible-title"">個々の場合</h4><div class=""collapsible-content""><div>あああああああああああ</div></div></div></div><div data-component-type=""collapsible""><div><h4 class=""collapsible-title"">ああああの場合</h4><div class=""collapsible-content""><div>いいいいいいいいいい</div></div></div></div><div data-component-type=""text""><div>インターネットや携帯電話から「オンライン申込」または「郵送申込」でお申込いただけます。<br />
→各カードのご案内・お申込は<a href=""http://www.orico.co.jp/creditcard"" target=""_blank"">こちら</a><br />
<br />
●「オンライン申込」でお申込いただいた場合は、本人限定受取郵便（特定事項伝達型）または簡易書留郵便にてカードをお送りいたします。本人限定受取郵便（特定事項伝達型）は本人確認書類のご提示が必要となります。<br />
→本人限定受取郵便（特定事項伝達型）については<a href=""http://www.orico.co",,d124b57d-371f-4211-bcb7-fc91b23c4345,公開済み,70b48832-e802-4fdc-a006-6aafb8bb9337,"2021-06-15 09:19:23","2021-09-24 13:44:59","2021-06-15 09:19:37","2021-09-24 13:44:59"
dcea0532-7d9b-48c0-ac67-5efe15730f8b,利用時に手数料はかかりますか？,"<div data-component-type=""text""><div>ATM/CDによりキャッシングをご利用いただいた場合、次のATM手数料をご負担いただきます。 ・ご利用金額1万円以下の場合　110 円（税込） ・ご利用金額1万円超の場合　　220 円（税込）</div></div>",,d124b57d-371f-4211-bcb7-fc91b23c4345,公開済み,70b48832-e802-4fdc-a006-6aafb8bb9337,"2021-06-14 20:38:09","2021-06-14 20:39:36","2021-06-14 20:39:20","2021-06-14 20:39:20"
416a8638-54e5-4384-bd9b-6f6cacf820d2,LOCOCOコールセンターサービスについて知りたい,"<div data-component-type=""heading""><h2 id="""" level=""2"">H2タグを使う</h2></div><div data-component-type=""heading""><h2 id="""" level=""3"">H3タグを使う</h2></div><div data-component-type=""text""><div>LOCOCOコールセンターサービスについて知りたい方は<a data-composite=""true"" href=""https://www.rococo.co.jp/solution/bpo/callcenter/"" target="""">こちら</a></div></div>",,182b8fb7-48cd-4962-a1b2-40b4c0b66240,公開済み,70b48832-e802-4fdc-a006-6aafb8bb9337,"2021-11-09 17:36:27","2021-11-09 17:48:09","2021-11-09 17:37:09","2021-11-09 17:48:09"
81e16265-d322-4912-832d-1d5b53d7b822,保険料払込免除特約（20）（無配当）発売について,"<div data-component-type=""text""><div><a data-composite=""true"" href=""https://d2x3xhvgiqkx42.cloudfront.net/8b4de52f-f9b8-46bd-8e5b-5f1b35623ce7/70b48832-e802-4fdc-a006-6aafb8bb9337/2021/10/28/266217de-c87b-404e-a8cb-06f620fa3ff3/201005_shinsyohin_1.pdf?response-content-disposition=attachment;filename*=UTF-8''201005_shinsyohin_1.pdf"" target="""">2020 年 10 月 5 日 プレスリリース</a></div></div><div data-component-type=""text""><div><br /></div></div><div data-component-type=""informative""><div class=""info-container"" info-color=""green""><div class=""info-title"">以下検索用テキストコピペ</div><div class=""info-content""><div>News Release 「ライフプランナー」および「ライフプランナーバリュー」は、ソニー生命の登録商標です。 2020 年 10 月 5 日 ソニー生命保険株式会社 保険料払込免除特約（20）（無配当）発売について ソニー生命保険株式会社（社長：萩本 友男）は、2020 年 12 月 2 日より「保険料払込免除特約（20）（無配当）」 を発売します。払込免除事由に精神障害の公的手帳との連動化・入院要件の追加をする等、保障内容の拡充等を行 うことで、より幅広く柔軟にお客さまが就業不能になり得るリスクに備えることを可能としました。 さらに、従来の特約には付加できなかった保険期間・保険料払込期間が終身の「総合医療保険（無解約返戻金型） 18（無配当）（健康還付給付金特則付を含む）」や「米ドル建終身保険（無配当）」にも付加することが可能となり ます。 1. 保険料払込免除特約（20）（無配当）の発売 ①特長と保険料の払込免除事由  がん・心疾患・",,182b8fb7-48cd-4962-a1b2-40b4c0b66240,公開済み,70b48832-e802-4fdc-a006-6aafb8bb9337,"2021-10-29 02:54:41","2021-10-29 02:56:00","2021-10-29 02:56:00","2021-10-29 02:56:00"
0629ac33-ef53-408c-a272-101f8843da6b,メンバーの追加と削除,"<div data-component-type=""video""><div style=""text-align:center""><span class=""video-overlay"" style=""width:650px; height:375px"">
  </span><iframe src=""https://youtu.be/ONSz7sH3rcY"" style=""width:650px;height:375px;""></iframe></div></div><div data-component-type=""text""></div>",,af6fe76d-ac50-407d-bf40-5a6a3e0defb7,公開済み,70b48832-e802-4fdc-a006-6aafb8bb9337,"2021-11-10 07:57:32","2021-11-10 07:58:45","2021-11-10 07:58:45","2021-11-10 07:58:45"
